"","browse->","browse_to_add_to_consider->","browse_to_purchase->","directly_add_to_consider->","directly_purchase->","no_browse->"
"browse->",0,1.88333356433463,1.62776554272985,1.9598012747098,1.91280262349913,1.34085740100321
"browse_to_add_to_consider->",1.88333356433463,0,1.59807113434727,1.92854093657239,1.90567889120569,1.56867325055905
"browse_to_purchase->",1.62776554272985,1.59807113434727,0,1.85797976501305,1.88585349462366,1.24203138143752
"directly_add_to_consider->",1.9598012747098,1.92854093657239,1.85797976501305,0,1.79126308992392,1.49479734691293
"directly_purchase->",1.91280262349913,1.90567889120569,1.88585349462366,1.79126308992392,0,1.3910304148614
"no_browse->",1.34085740100321,1.56867325055905,1.24203138143752,1.49479734691293,1.3910304148614,0
